{ "boolQuery_a" : false, "boolQuery_b" : false, "boolQuery_c" : true, "boolQuery_d" : true, "boolQuery_e" : false, "boolQuery_f" : false, "boolQuery_g" : false, "boolQuery_h" : true, "boolQuery_i" : false, "boolQuery_j" : true, "boolQuery_k" : true, "boolQuery_l" : false, "dataQuery_a" : [ { "ssn" : 83, "name" : "Peterson", "major" : "CS", "status" : "active" }, { "ssn" : 84, "name" : "John", "major" : "CS", "status" : "active" } ], "dataQuery_b" : [ { "ssn" : 84, "name" : "John", "major" : "CS", "status" : "active" } ], "dataQuery_c" : [ { "ssn" : 10, "name" : "New", "major" : "OR", "status" : "active" }, { "ssn" : 82, "name" : "Robertson", "major" : "CS", "status" : "active" }, { "ssn" : 83, "name" : "Peterson", "major" : "CS", "status" : "active" }, { "ssn" : 84, "name" : "John", "major" : "CS", "status" : "active" } ], "dataQuery_d" : [ { "ssn" : 75, "name" : "Green", "major" : "OR", "status" : "active" }, { "ssn" : 80, "name" : "Simpson", "major" : "CS", "status" : "active" } ], "dataQuery_e" : [  ], "dataQuery_f" : [ { "dcode" : "C", "cno" : 101 }, { "dcode" : "CS", "cno" : 211 }, { "dcode" : "CS", "cno" : 310 }, { "dcode" : "CS", "cno" : 530 }, { "dcode" : "History", "cno" : 101 }, { "dcode" : "History", "cno" : 102 }, { "dcode" : "History", "cno" : 110 }, { "dcode" : "MTH", "cno" : 125 } ], "dataQuery_g" : [ { "dcode" : "CS", "cno" : 330 }, { "dcode" : "CS", "cno" : 550 } ], "dataQuery_h" : [ { "class" : 21, "dcode" : "CS", "cno" : 330, "instr" : 25 }, { "class" : 22, "dcode" : "CS", "cno" : 330, "instr" : 35 }, { "class" : 23, "dcode" : "CS", "cno" : 550, "instr" : 10 } ], "dataQuery_i" : [ { "ssn" : 10, "name" : "New", "major" : "OR", "status" : "active" }, { "ssn" : 82, "name" : "Robertson", "major" : "CS", "status" : "active" }, { "ssn" : 83, "name" : "Peterson", "major" : "CS", "status" : "active" }, { "ssn" : 84, "name" : "John", "major" : "CS", "status" : "active" } ], "dataQuery_j" : [  ] }