{
  "db_name": "university_database",
  "tables": {
    "department": [
      {
        "dcode": "C",
        "dname": "culture",
        "chair": 4
      },
      {
        "dcode": "History",
        "dname": "history",
        "chair": 9
      },
      {
        "dcode": "CS",
        "dname": "computer_science",
        "chair": 17
      },
      {
        "dcode": "OR",
        "dname": "operations_research",
        "chair": 11
      },
      {
        "dcode": "MTH",
        "dname": "Mathematics",
        "chair": 13
      }
    ],
    "course": [
      {
        "dcode": "CS",
        "cno": 211,
        "title": "object-oriented programming",
        "units": 3
      },
      {
        "dcode": "CS",
        "cno": 310,
        "title": "Data Structure",
        "units": 3
      },
      {
        "dcode": "MTH",
        "cno": 125,
        "title": "Discrete Mathematics",
        "units": 3
      },
      {
        "dcode": "CS",
        "cno": 330,
        "title": "Formal Methods",
        "units": 3
      },
      {
        "dcode": "CS",
        "cno": 530,
        "title": "Mathematical Foundations of CS",
        "units": 3
      },
      {
        "dcode": "CS",
        "cno": 550,
        "title": "Database Management",
        "units": 6
      },
      {
        "dcode": "C",
        "cno": 101,
        "title": "Vacation in Hawaii",
        "units": 1
      },
      {
        "dcode": "History",
        "cno": 101,
        "title": "Ancient History",
        "units": 3
      },
      {
        "dcode": "History",
        "cno": 102,
        "title": "Middle Ages",
        "units": 3
      },
      {
        "dcode": "History",
        "cno": 110,
        "title": "European History",
        "units": 6
      }
    ],
    "prereq": [],
    "class": [],
    "faculty": [
      {
        "ssn": 4,
        "name": "Dietz",
        "dcode": "C",
        "rank": "professor"
      },
      {
        "ssn": 9,
        "name": "Jackson",
        "dcode": "History",
        "rank": "professor"
      },
      {
        "ssn": 10,
        "name": "Bienz",
        "dcode": "History",
        "rank": "assistant_professor"
      },
      {
        "ssn": 13,
        "name": "Webber",
        "dcode": "MTH",
        "rank": "professor"
      },
      {
        "ssn": 17,
        "name": "Oneil",
        "dcode": "CS",
        "rank": "professor"
      },
      {
        "ssn": 11,
        "name": "McLean",
        "dcode": "OR",
        "rank": "professor"
      },
      {
        "ssn": 25,
        "name": "Smith",
        "dcode": "CS",
        "rank": "assistant_professor"
      },
      {
        "ssn": 35,
        "name": "Johnson",
        "dcode": "CS",
        "rank": "professor"
      },
      {
        "ssn": 21,
        "name": "Jefferson",
        "dcode": "CS",
        "rank": "associate_professor"
      }
    ],
    "student": [
      {
        "ssn": 10,
        "name": "John Smith",
        "major": "OR",
        "status": "active"
      },
      {
        "ssn": 15,
        "name": "John Smith",
        "major": "CS",
        "status": "active"
      }
    ],
    "enrollment": [],
    "transcript": [
      {
        "dcode": "CS",
        "cno": 530,
        "ssn": 10,
        "grade": "A"
      },
      {
        "dcode": "CS",
        "cno": 530,
        "ssn": 15,
        "grade": "B"
      }
    ]
  }
}
